dataset,profile_id,layer_id,profile_code,layer_name,longitude,latitude,country_name,region,continent,date,dataset_id,upper_depth,lower_depth,layer_thickness_cm,organic_surface,BDOD,OrgC,TOTC,OrgC_Stock,TOTC_Stock
WOSIS 2023,1144107,600523,04N0315,A,-119.5536118,73.2227783,Canada,Northern America,Northern America,2003-6-29,US-NCSS,0,8,8,FALSE,1.44,NA,44.8,NA,51.6096
WOSIS 2023,1144107,600524,04N0315,Ajj,-119.5536118,73.2227783,Canada,Northern America,Northern America,2003-6-29,US-NCSS,8,35,27,FALSE,1.51,NA,44,NA,179.38799999999998
WOSIS 2023,1144107,600526,04N0315,A/Bjj,-119.5536118,73.2227783,Canada,Northern America,Northern America,2003-6-29,US-NCSS,52,81,29,FALSE,1.76,NA,27.1,NA,138.31840000000003
WOSIS 2023,1144107,600527,04N0315,B/Afjj,-119.5536118,73.2227783,Canada,Northern America,Northern America,2003-6-29,US-NCSS,81,106,25,FALSE,2.02,NA,20.6,NA,104.03
WOSIS 2023,1176745,3351314,N1,NA,-133.488311767578,68.0422210693359,Canada,Northern America,Northern America,????-??-??,CA-Forest-Schiedung,0,15,15,FALSE,0.71,64.5,64.5,68.6925,68.6925
WOSIS 2023,1176745,3351315,N1,NA,-133.488311767578,68.0422210693359,Canada,Northern America,Northern America,????-??-??,CA-Forest-Schiedung,15,30,15,FALSE,1.49,39.5,39.5,88.2825,88.2825
WOSIS 2023,1176745,3351316,N1,NA,-133.488311767578,68.0422210693359,Canada,Northern America,Northern America,????-??-??,CA-Forest-Schiedung,30,45,15,FALSE,1.55,23.5,23.5,54.63750000000001,54.63750000000001
WOSIS 2023,1176745,3351317,N1,NA,-133.488311767578,68.0422210693359,Canada,Northern America,Northern America,????-??-??,CA-Forest-Schiedung,45,60,15,FALSE,1.52,20.1,20.1,45.828,45.828
WOSIS 2023,1181763,792084,87P0589,Ap2,-67.7294464,47.1011123999999,Canada,Northern America,Northern America,1987-6-1,US-NCSS,10,21,11,FALSE,1.8,18,18.8,35.64,37.224000000000004
WOSIS 2023,1181763,792085,87P0589,Bw,-67.7294464,47.1011123999999,Canada,Northern America,Northern America,1987-6-1,US-NCSS,21,30,9,FALSE,1.79,9.5,10.1,15.304499999999999,16.2711
WOSIS 2023,1181763,792086,87P0589,NA,-67.7294464,47.1011123999999,Canada,Northern America,Northern America,1987-6-1,US-NCSS,30,38,8,FALSE,2.03,3.7,4,6.008799999999999,6.4959999999999996
WOSIS 2023,1181763,792087,87P0589,2C,-67.7294464,47.1011123999999,Canada,Northern America,Northern America,1987-6-1,US-NCSS,38,67,29,FALSE,1.96,1.4,1.5,7.957599999999999,8.526
WOSIS 2023,1181763,792088,87P0589,3C,-67.7294464,47.1011123999999,Canada,Northern America,Northern America,1987-6-1,US-NCSS,67,87,20,FALSE,1.96,1.5,1.3,5.88,5.096
WOSIS 2023,1181821,798301,88P0841,Ap1,-104.4000015,50.3833350999999,Canada,Northern America,Northern America,1988-7-1,US-NCSS,0,10,10,FALSE,1.51,30.2,29,45.602,43.79
WOSIS 2023,1181821,798302,88P0841,Ap2,-104.4000015,50.3833350999999,Canada,Northern America,Northern America,1988-7-1,US-NCSS,10,25,15,FALSE,1.72,21.6,22.3,55.727999999999994,57.534000000000006
WOSIS 2023,1181821,798303,88P0841,Bw1,-104.4000015,50.3833350999999,Canada,Northern America,Northern America,1988-7-1,US-NCSS,25,45,20,FALSE,1.66,14.5,21.3,48.14,70.716
WOSIS 2023,1181821,798304,88P0841,Bw2,-104.4000015,50.3833350999999,Canada,Northern America,Northern America,1988-7-1,US-NCSS,45,83,38,FALSE,1.73,11.2,18.4,73.62879999999998,120.9616
WOSIS 2023,1181821,798305,88P0841,Bw3,-104.4000015,50.3833350999999,Canada,Northern America,Northern America,1988-7-1,US-NCSS,83,119,36,FALSE,1.82,7,15.8,45.864,103.5216
WOSIS 2023,1181821,798306,88P0841,BC1,-104.4000015,50.3833350999999,Canada,Northern America,Northern America,1988-7-1,US-NCSS,119,149,30,FALSE,1.75,6.3,14.8,33.075,77.70000000000002
WOSIS 2023,1181821,798307,88P0841,BC2,-104.4000015,50.3833350999999,Canada,Northern America,Northern America,1988-7-1,US-NCSS,149,200,51,FALSE,1.76,6,14.8,53.85600000000001,132.84480000000002
WOSIS 2023,1182604,817409,91P0896,Ak,-112.8000031,49.6333350999999,Canada,Northern America,Northern America,1991-7-1,US-NCSS,0,13,13,FALSE,1.63,20.8,NA,44.075199999999995,NA
WOSIS 2023,1182604,817411,91P0896,2Bk,-112.8000031,49.6333350999999,Canada,Northern America,Northern America,1991-7-1,US-NCSS,57,100,43,FALSE,1.81,3.1,NA,24.1273,NA
WOSIS 2023,1211731,3351334,S1,NA,-112.221580505371,59.5255279541016,Canada,Northern America,Northern America,????-??-??,CA-Forest-Schiedung,0,15,15,FALSE,1.93,20.8,36.7,60.215999999999994,106.24650000000001
WOSIS 2023,1211731,3351335,S1,NA,-112.221580505371,59.5255279541016,Canada,Northern America,Northern America,????-??-??,CA-Forest-Schiedung,15,30,15,FALSE,1.86,2.3,8.8,6.416999999999999,24.552000000000003
WOSIS 2023,1211731,3351336,S1,NA,-112.221580505371,59.5255279541016,Canada,Northern America,Northern America,????-??-??,CA-Forest-Schiedung,30,45,15,FALSE,1.58,4.4,9.9,10.428,23.463
WOSIS 2023,1211731,3351337,S1,NA,-112.221580505371,59.5255279541016,Canada,Northern America,Northern America,????-??-??,CA-Forest-Schiedung,45,60,15,FALSE,1.62,2.1,9.1,5.103000000000001,22.113000000000003
WOSIS 2023,1211732,3351346,S4,NA,-112.353385925293,59.4401664733887,Canada,Northern America,Northern America,????-??-??,CA-Forest-Schiedung,0,15,15,FALSE,1.25,14,24.2,26.25,45.375
WOSIS 2023,1211732,3351347,S4,NA,-112.353385925293,59.4401664733887,Canada,Northern America,Northern America,????-??-??,CA-Forest-Schiedung,15,30,15,FALSE,1.57,3.6000001,9.5,8.4780002355,22.372500000000002
WOSIS 2023,1211732,3351348,S4,NA,-112.353385925293,59.4401664733887,Canada,Northern America,Northern America,????-??-??,CA-Forest-Schiedung,30,45,15,FALSE,1.51,2.1,21,4.756500000000001,47.565000000000005
WOSIS 2023,1211732,3351349,S4,NA,-112.353385925293,59.4401664733887,Canada,Northern America,Northern America,????-??-??,CA-Forest-Schiedung,45,60,15,FALSE,1.45,2.2,25.3,4.785,55.02750000000001
WOSIS 2023,1216582,792090,87P0590,B/E,-67.3663863999999,46.9111099,Canada,Northern America,Northern America,1987-6-1,US-NCSS,4,10,6,FALSE,1.72,7.4,7.8,7.636799999999999,8.049600000000002
WOSIS 2023,1216582,792091,87P0590,Bs1,-67.3663863999999,46.9111099,Canada,Northern America,Northern America,1987-6-1,US-NCSS,10,19,9,FALSE,1.61,15.8,16.6,22.8942,24.053400000000003
WOSIS 2023,1216582,792092,87P0590,Bs2,-67.3663863999999,46.9111099,Canada,Northern America,Northern America,1987-6-1,US-NCSS,19,29,10,FALSE,1.61,8.3,8.5,13.363000000000003,13.684999999999999
WOSIS 2023,1216582,792093,87P0590,Bs3,-67.3663863999999,46.9111099,Canada,Northern America,Northern America,1987-6-1,US-NCSS,29,48,19,FALSE,1.79,3.4,3.3,11.5634,11.2233
WOSIS 2023,1216582,792094,87P0590,Bt,-67.3663863999999,46.9111099,Canada,Northern America,Northern America,1987-6-1,US-NCSS,48,70,22,FALSE,2.01,1.8,1.8,7.9596,7.9596
WOSIS 2023,1216582,792095,87P0590,C,-67.3663863999999,46.9111099,Canada,Northern America,Northern America,1987-6-1,US-NCSS,70,100,30,FALSE,2.02,0.8,12.9,4.848000000000001,78.174
WOSIS 2023,1216583,792097,87P0591,E,-65.6794433999999,46.9680557,Canada,Northern America,Northern America,1987-6-1,US-NCSS,4,19,15,FALSE,1.43,8.8,7.6,18.875999999999998,16.302
WOSIS 2023,1216583,792098,87P0591,Bs1,-65.6794433999999,46.9680557,Canada,Northern America,Northern America,1987-6-1,US-NCSS,19,28,9,FALSE,1.22,23,26.5,25.253999999999998,29.096999999999998
WOSIS 2023,1216583,792099,87P0591,Bs2,-65.6794433999999,46.9680557,Canada,Northern America,Northern America,1987-6-1,US-NCSS,28,44,16,FALSE,1.7,5,5.7,13.6,15.504
WOSIS 2023,1216583,792100,87P0591,NA,-65.6794433999999,46.9680557,Canada,Northern America,Northern America,1987-6-1,US-NCSS,44,56,12,FALSE,2.06,2.3,2.7,5.685599999999999,6.6744
WOSIS 2023,1216583,792101,87P0591,C,-65.6794433999999,46.9680557,Canada,Northern America,Northern America,1987-6-1,US-NCSS,56,79,23,FALSE,2.03,2,1.6,9.338,7.4704
WOSIS 2023,1216584,792102,87P0592,E,-65.4552764999999,46.8036117999999,Canada,Northern America,Northern America,1987-6-1,US-NCSS,0,23,23,FALSE,1.41,4.9,5.4,15.890699999999999,17.5122
WOSIS 2023,1216584,792104,87P0592,Bs2,-65.4552764999999,46.8036117999999,Canada,Northern America,Northern America,1987-6-1,US-NCSS,32,43,11,FALSE,1.68,1,0.8,1.848,1.4784000000000002
WOSIS 2023,1216584,792105,87P0592,BC1,-65.4552764999999,46.8036117999999,Canada,Northern America,Northern America,1987-6-1,US-NCSS,43,64,21,FALSE,1.66,0.8,0.7,2.7888,2.4402
WOSIS 2023,1216584,792106,87P0592,BC2,-65.4552764999999,46.8036117999999,Canada,Northern America,Northern America,1987-6-1,US-NCSS,64,84,20,FALSE,1.62,0.8,0.7,2.5920000000000005,2.268
WOSIS 2023,1283790,630389,04N0317,Bw,-119.5602798,73.2213897999999,Canada,Northern America,Northern America,2003-6-29,US-NCSS,0,35,35,FALSE,1.81,NA,38.6,NA,244.531
WOSIS 2023,1283790,630390,04N0317,Oajj,-119.5602798,73.2213897999999,Canada,Northern America,Northern America,2003-6-29,US-NCSS,35,52,17,FALSE,1.28,NA,78.1,NA,169.94559999999998
WOSIS 2023,1283790,630391,04N0317,Bwjj,-119.5602798,73.2213897999999,Canada,Northern America,Northern America,2003-6-29,US-NCSS,52,60,8,FALSE,1.89,NA,43.4,NA,65.6208
WOSIS 2023,1283790,630392,04N0317,Aajjf,-119.5602798,73.2213897999999,Canada,Northern America,Northern America,2003-6-29,US-NCSS,60,75,15,FALSE,1.59,NA,56.5,NA,134.7525
WOSIS 2023,1321702,817923,91P0956,A/Bw,-138.2780609,64.0669479,Canada,Northern America,Northern America,1991-7-1,US-NCSS,17,50,33,FALSE,1.22,58.4,78.7,235.11839999999998,316.8462
WOSIS 2023,1321702,817924,91P0956,Bw1,-138.2780609,64.0669479,Canada,Northern America,Northern America,1991-7-1,US-NCSS,50,67,17,FALSE,1.69,19.4,60.6,55.73619999999998,174.1038
WOSIS 2023,1321702,817925,91P0956,Bw2,-138.2780609,64.0669479,Canada,Northern America,Northern America,1991-7-1,US-NCSS,67,95,28,FALSE,1.93,4.9,56.2,26.479600000000005,303.70480000000003
WOSIS 2023,1321702,817926,91P0956,Bw3,-138.2780609,64.0669479,Canada,Northern America,Northern America,1991-7-1,US-NCSS,95,123,28,FALSE,2.1,4.4,67.9,25.872000000000003,399.25200000000007
WOSIS 2023,1348929,3351342,S3,NA,-112.22241973877,59.5243072509766,Canada,Northern America,Northern America,????-??-??,CA-Forest-Schiedung,0,15,15,FALSE,1.48,17.4,19.1,38.628,42.402
WOSIS 2023,1348929,3351343,S3,NA,-112.22241973877,59.5243072509766,Canada,Northern America,Northern America,????-??-??,CA-Forest-Schiedung,15,30,15,FALSE,1.76,4.4,4.3,11.616000000000001,11.352
WOSIS 2023,1348929,3351344,S3,NA,-112.22241973877,59.5243072509766,Canada,Northern America,Northern America,????-??-??,CA-Forest-Schiedung,30,45,15,FALSE,1.46,1.5999999,2.6,3.503999781,5.694
WOSIS 2023,1348929,3351345,S3,NA,-112.22241973877,59.5243072509766,Canada,Northern America,Northern America,????-??-??,CA-Forest-Schiedung,45,60,15,FALSE,1.11,2.1,9.3,3.4965,15.484500000000002
WOSIS 2023,1350602,3351350,S5,NA,-112.205223083496,60.017276763916,Canada,Northern America,Northern America,????-??-??,CA-Forest-Schiedung,0,15,15,FALSE,1.17,9.1,8.6,15.970499999999998,15.092999999999998
WOSIS 2023,1350602,3351351,S5,NA,-112.205223083496,60.017276763916,Canada,Northern America,Northern America,????-??-??,CA-Forest-Schiedung,15,30,15,FALSE,1.31,2.2,1.5999999,4.323000000000001,3.1439998035
WOSIS 2023,1350602,3351352,S5,NA,-112.205223083496,60.017276763916,Canada,Northern America,Northern America,????-??-??,CA-Forest-Schiedung,30,45,15,FALSE,1.28,1.9,1.5999999,3.6479999999999997,3.071999808
WOSIS 2023,1350602,3351353,S5,NA,-112.205223083496,60.017276763916,Canada,Northern America,Northern America,????-??-??,CA-Forest-Schiedung,45,60,15,FALSE,1.39,1.4,0.90000004,2.9189999999999996,1.8765000833999999
WOSIS 2023,1352896,600543,04N0310,A,-119.5602798,73.2213897999999,Canada,Northern America,Northern America,2003-6-29,US-NCSS,0,45,45,FALSE,1.26,NA,58.4,NA,331.12800000000004
WOSIS 2023,1385425,3351330,N5,NA,-133.532562255859,68.3169479370117,Canada,Northern America,Northern America,????-??-??,CA-Forest-Schiedung,0,15,15,FALSE,0.82,22.4,22.4,27.552,27.552
WOSIS 2023,1385425,3351331,N5,NA,-133.532562255859,68.3169479370117,Canada,Northern America,Northern America,????-??-??,CA-Forest-Schiedung,15,30,15,FALSE,1.29,13.6,13.6,26.316000000000003,26.316000000000003
WOSIS 2023,1385425,3351332,N5,NA,-133.532562255859,68.3169479370117,Canada,Northern America,Northern America,????-??-??,CA-Forest-Schiedung,30,45,15,FALSE,1.65,18.4,18.4,45.53999999999999,45.53999999999999
WOSIS 2023,1385425,3351333,N5,NA,-133.532562255859,68.3169479370117,Canada,Northern America,Northern America,????-??-??,CA-Forest-Schiedung,45,60,15,FALSE,1.4,15.900001,15.900001,33.39000209999999,33.39000209999999
WOSIS 2023,1420110,3351338,S2,NA,-112.221557617188,59.5248603820801,Canada,Northern America,Northern America,????-??-??,CA-Forest-Schiedung,0,15,15,FALSE,1.1,10.700001,14.2,17.655001650000003,23.43
WOSIS 2023,1420110,3351339,S2,NA,-112.221557617188,59.5248603820801,Canada,Northern America,Northern America,????-??-??,CA-Forest-Schiedung,15,30,15,FALSE,1.49,2.6,2.5,5.811,5.5875
WOSIS 2023,1420110,3351340,S2,NA,-112.221557617188,59.5248603820801,Canada,Northern America,Northern America,????-??-??,CA-Forest-Schiedung,30,45,15,FALSE,1.33,2.2,2.3,4.389000000000001,4.5885
WOSIS 2023,1420110,3351341,S2,NA,-112.221557617188,59.5248603820801,Canada,Northern America,Northern America,????-??-??,CA-Forest-Schiedung,45,60,15,FALSE,1.51,1.7,1.5999999,3.8504999999999994,3.6239997734999996
WOSIS 2023,1425092,798317,88P0843,Ap,-103.316665599999,52.4000015,Canada,Northern America,Northern America,1988-7-1,US-NCSS,0,10,10,FALSE,1.54,30,29.8,46.2,45.892
WOSIS 2023,1425092,798318,88P0843,NA,-103.316665599999,52.4000015,Canada,Northern America,Northern America,1988-7-1,US-NCSS,10,30,20,FALSE,1.59,8,9.4,25.44,29.892000000000003
WOSIS 2023,1425092,798319,88P0843,Bt,-103.316665599999,52.4000015,Canada,Northern America,Northern America,1988-7-1,US-NCSS,30,63,33,FALSE,1.56,4.8,20.8,24.7104,107.07840000000002
WOSIS 2023,1425092,798320,88P0843,2BCt1,-103.316665599999,52.4000015,Canada,Northern America,Northern America,1988-7-1,US-NCSS,63,99,36,FALSE,1.5,4,21.1,21.6,113.94000000000001
WOSIS 2023,1425092,798321,88P0843,2BCt2,-103.316665599999,52.4000015,Canada,Northern America,Northern America,1988-7-1,US-NCSS,99,129,30,FALSE,1.54,3.5,16.9,16.17,78.078
WOSIS 2023,1425092,798322,88P0843,2BCt3,-103.316665599999,52.4000015,Canada,Northern America,Northern America,1988-7-1,US-NCSS,129,182,53,FALSE,1.69,3.3,17.4,29.558100000000003,155.85179999999997
WOSIS 2023,1425092,798323,88P0843,2BCty,-103.316665599999,52.4000015,Canada,Northern America,Northern America,1988-7-1,US-NCSS,182,210,28,FALSE,1.47,2.3,14.6,9.4668,60.0936
WOSIS 2023,1453074,3351322,N3,NA,-133.428726196289,68.1699142456055,Canada,Northern America,Northern America,????-??-??,CA-Forest-Schiedung,0,15,15,FALSE,1.26,27.4,27.4,51.786,51.786
WOSIS 2023,1453074,3351323,N3,NA,-133.428726196289,68.1699142456055,Canada,Northern America,Northern America,????-??-??,CA-Forest-Schiedung,15,30,15,FALSE,1.5,14.099999,14.099999,31.724997750000007,31.724997750000007
WOSIS 2023,1453074,3351324,N3,NA,-133.428726196289,68.1699142456055,Canada,Northern America,Northern America,????-??-??,CA-Forest-Schiedung,30,45,15,FALSE,1.5,14.099999,14.099999,31.724997750000007,31.724997750000007
WOSIS 2023,1453074,3351325,N3,NA,-133.428726196289,68.1699142456055,Canada,Northern America,Northern America,????-??-??,CA-Forest-Schiedung,45,60,15,FALSE,1.47,15.900001,15.900001,35.059502204999994,35.059502204999994
WOSIS 2023,1492154,635984,05N0268,Oi,-119.295387268066,76.2283325195312,Canada,Northern America,Northern America,????-??-??,US-NCSS,0,10,10,FALSE,0.35,NA,578,NA,202.29999999999998
WOSIS 2023,1492154,635985,05N0268,NA,-119.295387268066,76.2283325195312,Canada,Northern America,Northern America,????-??-??,US-NCSS,10,17,7,FALSE,0.37,NA,456.6,NA,118.2594
WOSIS 2023,1492154,635986,05N0268,Bwjj,-119.295387268066,76.2283325195312,Canada,Northern America,Northern America,????-??-??,US-NCSS,17,53,36,FALSE,1.97,NA,20.4,NA,144.6768
WOSIS 2023,1492154,635987,05N0268,Bgf,-119.295387268066,76.2283325195312,Canada,Northern America,Northern America,????-??-??,US-NCSS,53,68,15,FALSE,1.95,NA,22.1,NA,64.6425
WOSIS 2023,1529276,798291,88P0840,Ap,-105.083335899999,50.1666679,Canada,Northern America,Northern America,1988-7-1,US-NCSS,0,15,15,FALSE,1.64,15.9,19.1,39.114,46.986000000000004
WOSIS 2023,1529276,798292,88P0840,Bw1,-105.083335899999,50.1666679,Canada,Northern America,Northern America,1988-7-1,US-NCSS,15,27,12,FALSE,1.83,11.8,16,25.912800000000004,35.136
WOSIS 2023,1529276,798293,88P0840,Bw2,-105.083335899999,50.1666679,Canada,Northern America,Northern America,1988-7-1,US-NCSS,27,45,18,FALSE,1.86,10.7,16.5,35.8236,55.242000000000004
WOSIS 2023,1529276,798294,88P0840,Bw3,-105.083335899999,50.1666679,Canada,Northern America,Northern America,1988-7-1,US-NCSS,45,71,26,FALSE,1.9,8.4,13.7,41.495999999999995,67.678
WOSIS 2023,1529276,798295,88P0840,Bw4,-105.083335899999,50.1666679,Canada,Northern America,Northern America,1988-7-1,US-NCSS,71,96,25,FALSE,1.89,5.1,12.1,24.0975,57.1725
WOSIS 2023,1529276,798296,88P0840,Bw5,-105.083335899999,50.1666679,Canada,Northern America,Northern America,1988-7-1,US-NCSS,96,132,36,FALSE,1.85,4.2,12.3,27.972,81.918
WOSIS 2023,1529276,798297,88P0840,BC1,-105.083335899999,50.1666679,Canada,Northern America,Northern America,1988-7-1,US-NCSS,132,162,30,FALSE,1.88,4.9,13.2,27.636000000000003,74.44800000000001
WOSIS 2023,1529276,798298,88P0840,BC2,-105.083335899999,50.1666679,Canada,Northern America,Northern America,1988-7-1,US-NCSS,162,200,38,FALSE,1.87,5.7,14.8,40.504200000000004,105.1688
WOSIS 2023,1557189,3351326,N4,NA,-133.42399597168,68.17236328125,Canada,Northern America,Northern America,????-??-??,CA-Forest-Schiedung,0,15,15,FALSE,1.02,24.5,24.5,37.485,37.485
WOSIS 2023,1557189,3351327,N4,NA,-133.42399597168,68.17236328125,Canada,Northern America,Northern America,????-??-??,CA-Forest-Schiedung,15,30,15,FALSE,1.38,5.8999996,5.8999996,12.212999172,12.212999172
WOSIS 2023,1557189,3351328,N4,NA,-133.42399597168,68.17236328125,Canada,Northern America,Northern America,????-??-??,CA-Forest-Schiedung,30,45,15,FALSE,1.49,6.1000004,6.1000004,13.633500893999999,13.633500893999999
WOSIS 2023,1557189,3351329,N4,NA,-133.42399597168,68.17236328125,Canada,Northern America,Northern America,????-??-??,CA-Forest-Schiedung,45,60,15,FALSE,1.45,9.4,9.4,20.445,20.445
WOSIS 2023,1599771,817407,91P0895,2Bk,-112.8000031,49.6333350999999,Canada,Northern America,Northern America,1991-7-1,US-NCSS,71,100,29,FALSE,1.76,4.7,NA,23.9888,NA
WOSIS 2023,1627031,3351318,N2,NA,-133.434219360352,68.1687469482422,Canada,Northern America,Northern America,????-??-??,CA-Forest-Schiedung,0,15,15,FALSE,0.99,57.9,57.9,85.9815,85.9815
WOSIS 2023,1627031,3351319,N2,NA,-133.434219360352,68.1687469482422,Canada,Northern America,Northern America,????-??-??,CA-Forest-Schiedung,15,30,15,FALSE,1.37,38.9,38.9,79.9395,79.9395
WOSIS 2023,1627031,3351320,N2,NA,-133.434219360352,68.1687469482422,Canada,Northern America,Northern America,????-??-??,CA-Forest-Schiedung,30,45,15,FALSE,1.22,29,29,53.07000000000001,53.07000000000001
WOSIS 2023,1627031,3351321,N2,NA,-133.434219360352,68.1687469482422,Canada,Northern America,Northern America,????-??-??,CA-Forest-Schiedung,45,60,15,FALSE,1.22,56.6,56.6,103.57800000000002,103.57800000000002
WOSIS 2023,1631106,600533,04N0311,Bw1,-119.5572205,73.2211075,Canada,Northern America,Northern America,2003-6-29,US-NCSS,0,6,6,FALSE,1.7,NA,31.9,NA,32.538
WOSIS 2023,1631106,600534,04N0311,Bw2,-119.5572205,73.2211075,Canada,Northern America,Northern America,2003-6-29,US-NCSS,6,10,4,FALSE,1.72,NA,30.4,NA,20.9152
WOSIS 2023,1631106,600535,04N0311,Bw3,-119.5572205,73.2211075,Canada,Northern America,Northern America,2003-6-29,US-NCSS,10,26,16,FALSE,1.82,NA,31.3,NA,91.1456
WOSIS 2023,1631106,600536,04N0311,Bwjj,-119.5572205,73.2211075,Canada,Northern America,Northern America,2003-6-29,US-NCSS,28,55,27,FALSE,1.52,NA,42.2,NA,173.18880000000001
WOSIS 2023,1631106,600537,04N0311,A,-119.5572205,73.2211075,Canada,Northern America,Northern America,2003-6-29,US-NCSS,0,40,40,FALSE,1.32,NA,52,NA,274.56
WOSIS 2023,1631106,600538,04N0311,Bw4,-119.5572205,73.2211075,Canada,Northern America,Northern America,2003-6-29,US-NCSS,26,60,34,FALSE,1.88,NA,37.3,NA,238.42159999999998
WOSIS 2023,1631106,600540,04N0311,Oafjj,-119.5572205,73.2211075,Canada,Northern America,Northern America,2003-6-29,US-NCSS,55,70,15,FALSE,1.8,NA,63.1,NA,170.37
WOSIS 2023,1631298,630379,04N0314,A2,-119.5555573,73.2022247,Canada,Northern America,Northern America,2003-6-29,US-NCSS,4,20,16,FALSE,1.76,NA,39,NA,109.824
WOSIS 2023,1631298,630382,04N0314,Bw/Ajj,-119.5555573,73.2022247,Canada,Northern America,Northern America,2003-6-29,US-NCSS,45,88,43,FALSE,1.93,NA,24.2,NA,200.83579999999998
WOSIS 2023,1668457,798310,88P0842,Ap2,-104.520835899999,52.8416672,Canada,Northern America,Northern America,1988-7-1,US-NCSS,10,20,10,FALSE,1.51,52.9,51.3,79.879,77.463
WOSIS 2023,1668457,798311,88P0842,Bt,-104.520835899999,52.8416672,Canada,Northern America,Northern America,1988-7-1,US-NCSS,20,45,25,FALSE,1.78,12.2,16.2,54.29,72.09
WOSIS 2023,1668457,798312,88P0842,Bw1,-104.520835899999,52.8416672,Canada,Northern America,Northern America,1988-7-1,US-NCSS,45,78,33,FALSE,1.77,12.2,20.7,71.2602,120.90869999999998
WOSIS 2023,1668457,798313,88P0842,Bw2,-104.520835899999,52.8416672,Canada,Northern America,Northern America,1988-7-1,US-NCSS,78,106,28,FALSE,1.81,10.7,18.7,54.22760000000001,94.7716
WOSIS 2023,1668457,798314,88P0842,NA,-104.520835899999,52.8416672,Canada,Northern America,Northern America,1988-7-1,US-NCSS,106,142,36,FALSE,1.79,7.7,14.1,49.61880000000001,90.8604
WOSIS 2023,1668457,798315,88P0842,C,-104.520835899999,52.8416672,Canada,Northern America,Northern America,1988-7-1,US-NCSS,142,180,38,FALSE,1.76,7.3,12.1,48.822399999999995,80.92479999999999
WOSIS 2023,1668458,798325,88P0844,Ap1,-109.1999969,50.8666649,Canada,Northern America,Northern America,1988-7-1,US-NCSS,0,10,10,FALSE,1.4,15.7,18,21.979999999999997,25.2
WOSIS 2023,1668458,798326,88P0844,Ap2,-109.1999969,50.8666649,Canada,Northern America,Northern America,1988-7-1,US-NCSS,10,20,10,FALSE,1.66,13.6,18.6,22.575999999999997,30.875999999999998
WOSIS 2023,1668458,798327,88P0844,Bw1,-109.1999969,50.8666649,Canada,Northern America,Northern America,1988-7-1,US-NCSS,20,45,25,FALSE,1.67,9.7,17.1,40.497499999999995,71.39250000000001
WOSIS 2023,1668458,798328,88P0844,Bw2,-109.1999969,50.8666649,Canada,Northern America,Northern America,1988-7-1,US-NCSS,45,68,23,FALSE,1.74,8.9,14.9,35.6178,59.6298
WOSIS 2023,1668458,798329,88P0844,BCy1,-109.1999969,50.8666649,Canada,Northern America,Northern America,1988-7-1,US-NCSS,68,101,33,FALSE,1.59,7.1,11.3,37.253699999999995,59.29110000000001
WOSIS 2023,1668458,798330,88P0844,BCy2,-109.1999969,50.8666649,Canada,Northern America,Northern America,1988-7-1,US-NCSS,101,127,26,FALSE,1.55,7.3,10.3,29.419,41.509
WOSIS 2023,1696197,3351354,S6,NA,-113.648750305176,60.1439437866211,Canada,Northern America,Northern America,????-??-??,CA-Forest-Schiedung,0,15,15,FALSE,1.25,7.1,7,13.3125,13.125
